{
  "dimensions": [
    "ok_leak",
    "failure_detected",
    "ambiguity_preserved",
    "durable_evidence",
    "healthy_projection_blocked",
    "manager_route_preserved",
    "focused_tests",
    "regression_confidence"
  ],
  "checkpoints": {
    "z0_initial_projection": [1.0, 0.05, 0.0, 0.25, 0.1, 0.9, 0.1, 0.15],
    "z1_inspection": [1.0, 0.3, 0.15, 0.4, 0.2, 0.95, 0.25, 0.25],
    "z2_red_test": [1.0, 0.62, 0.42, 0.52, 0.44, 0.95, 0.82, 0.36],
    "z3_patch": [0.08, 0.94, 0.9, 0.88, 0.9, 0.96, 0.84, 0.6],
    "z4_verification": [0.02, 0.98, 0.95, 0.94, 0.96, 0.98, 0.96, 0.88]
  },
  "koopman": {
    "accepted": true,
    "definition": "z_t checkpoints are the eight-dimensional rollout vectors listed above; K is ridge least-squares fitted across z0->z1->z2->z3->z4",
    "ridge_lambda": 0.05,
    "K_hat": [
      [0.241826, -0.240035, -0.132412, 0.324608, -0.027122, 0.845156, -1.006242, 0.137787],
      [0.221198, 0.326777, 0.136434, 0.136086, 0.064133, 0.053286, 0.308028, 0.096447],
      [0.167773, 0.326659, 0.154936, 0.070241, 0.082189, -0.069656, 0.472464, 0.06722],
      [0.169967, 0.168102, 0.132304, 0.100974, 0.133124, 0.149223, 0.297804, 0.079209],
      [0.164575, 0.295779, 0.153236, 0.07823, 0.095821, -0.024057, 0.43913, 0.070967],
      [0.276521, -0.026949, 0.075053, 0.223021, 0.168261, 0.591952, -0.120449, 0.131254],
      [0.230783, 0.464658, 0.121935, 0.258275, -0.021848, 0.085418, 0.038538, 0.150319],
      [-0.001158, 0.134792, 0.150834, 0.142228, 0.160775, 0.170654, 0.136782, 0.097878]
    ],
    "predicted_z4_from_z3": [-0.015434, 0.992899, 0.966039, 0.940291, 0.972546, 0.957879, 0.977166, 0.869673],
    "observed_z4": [0.02, 0.98, 0.95, 0.94, 0.96, 0.98, 0.96, 0.88],
    "residual_l2": 0.05222413
  },
  "posterior_prior": {
    "theta_1": 0.92,
    "theta_2": 0.58,
    "theta_3": 0.91,
    "theta_4": 0.72
  },
  "posterior_expected_after_selected_design": {
    "theta_1": 0.06,
    "theta_2": 0.96,
    "theta_3": 0.08,
    "theta_4": 0.1
  }
}
