{"proxy_disclaimer":"Model-generated search-dynamics proxy; not hidden model state or physical software dynamics.","train_trajectory_ids":["A05","A06","A07","A16","B10","B11","C08","C12","C13","D01","D07","D15"],"holdout_trajectory_ids":["A01","D12","A02","A03"],"transition_count":80,"sensitivity":[{"ridge_lambda":1e-05,"rank":12,"train_one_step_nrmse":0.06407154,"holdout_one_step_nrmse":0.82079782,"holdout_multistep_nrmse":0.14957928,"identity_baseline_nrmse":0.11507722,"mean_delta_baseline_nrmse":0.10668644,"eigenvalue_moduli":[0.64992329,0.61503083,0.68719727,0.97390997,1.15272025,1.15272025,1.14770397,1.14770397,1.15830617,1.16137235,1.1607112,1.16036513],"beats_both_baselines":false},{"ridge_lambda":0.001,"rank":12,"train_one_step_nrmse":0.06575387,"holdout_one_step_nrmse":0.67818973,"holdout_multistep_nrmse":0.1496807,"identity_baseline_nrmse":0.11507722,"mean_delta_baseline_nrmse":0.10668644,"eigenvalue_moduli":[0.58288636,0.44484954,0.65527721,0.95670971,1.09116772,1.09116772,1.10552501,1.13452065,1.14184279,1.15078746,1.15430805,1.15827498],"beats_both_baselines":false},{"ridge_lambda":0.1,"rank":12,"train_one_step_nrmse":0.1022959,"holdout_one_step_nrmse":0.13214242,"holdout_multistep_nrmse":0.15119437,"identity_baseline_nrmse":0.11507722,"mean_delta_baseline_nrmse":0.10668644,"eigenvalue_moduli":[1.04942353,1.0284287,0.9282183,0.87536106,0.77436536,0.61899266,0.42103373,0.24342573,0.14546748,0.09705235,0.04178585,0.01789112],"beats_both_baselines":false}],"selected":{"ridge_lambda":0.1,"rank":12,"train_one_step_nrmse":0.1022959,"holdout_one_step_nrmse":0.13214242,"holdout_multistep_nrmse":0.15119437,"identity_baseline_nrmse":0.11507722,"mean_delta_baseline_nrmse":0.10668644,"eigenvalue_moduli":[1.04942353,1.0284287,0.9282183,0.87536106,0.77436536,0.61899266,0.42103373,0.24342573,0.14546748,0.09705235,0.04178585,0.01789112],"beats_both_baselines":false},"koopman_search_proxy":"non_predictive","mode_classifications":[],"matrix_codec":"zlib+base64(json)","matrix_payload":"eNo9mlmSJMcNRO/C7+q22BddZWw+dQqZ7q73gCiJRlLsziUAONwdyPnPP/XfP2X+868/f+pvG72sMs/sbbRz1uen/NbWzu2nndbvvO3UT/ktlct26bM0/rUvP2prjHpGbXuf0sbdn/p7V1nrrH34394jHjdu7fe0Ve4tY/bDrWtz0y6zjdJ4HpdxK68q9dZxNkeq3Vt7q2fuPlvldL02f1bq6b3Ps1floWvMOHLtrfDaVuvu/fQdL+69zctB2j631PX384cryxmncs2ZrQ0ew6lLGYufrtv3nnOuiHf01fuavGudNiMJ/cw6FhfytlPvmp9mKKWcysGXOYiIiWzsWuvikju40Wzy4Lu9t/KsH25s3as4G+HeCHfsUbuZalzIyTPcO8c9PKmWftuMCznF6rv20eoYvfV461wEfuqY9/bBrzJcHtQPBbtt9dUiWcXAFs8gZXcSKSngULWVywnGLmdbpD02Tyy9b0pPBT/jl+RWy3TIB8eybK30zWE6Bz9rFKPtm0TUPYmV/Heq1n8PoNrEtUttt3qK00FPpG2T+5bBEu2e1HARKumrN/EIqi4QAwM8NIPgQFTggNE1ycoLlsyLvsLzZtuJlw5Kap+zNo7I66xun730canx9UWVDJxrZaahebLx6WR0EXkFHps0UW7irUJvExppIkEmqtx5gB9ZX71eesaAC7gDsXPuTeQR3WlcWG4hY/vs6Z08Guw1YFXPATU1gMu9tOUG+vUQUYm7Gz8DBuCXw699M2JQsO9a9CLx1p4RT9qKSMnPuDwr4Uxt6cJyLj9tJgF8byC52lnAlNanvocieSUv3zVRNWaBA7iYTEEIkfs52l5zU0kAXCLe2mvlws7DTsnGN+88i//RRqMn9mg+r7gekkoHFArpHZMkUnLCKN0Tg0QpieDgCFor47XR+Rvm4azE8i0m5RkkEVCuSCyhkXaav3L8sxLP9Ac4rXQSLUV9TS+g5RZ+CjXFjaXW2YigWv2kobZEJA0rPEm98VLZuGJx5El40feHJPUCJAntPa/Ss/UAYKLj9ysLDFS4cdEmIvDeuJ3EANLbKTvQH/d1MO0KTokEbuqcJJ5qRiA1uLVCAcu2K7DkXVsKAHCH+2XaQzw8ke43lUbdKSNnpNWhnRqgLmRwgosCQ0HIkS2CPVMizt6WsgQ+JN4hI+gjC7onCaATCggBSdFdFamga2QYarSTs2ikPUpp0lMxIVHkoHHxGrk8L+I7OCtZoF0m5U8e5KkwwabZZ7vEHCG3K8FXSR6Z4Ue8UxSDYCBaKI2wbl7Q4RnZLSBM1qnKXKCM36zAax+kuogtGhHiW4HrbE8SvdSB7EQywDX77ka/x700nBnjSqpEzz2w0+zQE0m7Z66THMfNJAGSBUlUr83XyfwChNJnyMy7lFDpFBheWQCDQRnUadPzF6InZni5/vaKYBceKyORr/4L6qBt4gAL9LzVQ10p8+Wl6l3UyeefA5MWG9qL4J0zqIeNtpKUIXLYkyNwksbJP1YIkIAdcg3FzPFkhedQXQqfhOaFCzyTfirfifnRNOoreYB+ytG+OodlaKo30K6gNSFNNBeXYJPx7/AOlVbqW64ATa0TrCKASsE1Yj95i1xiOMyQcteCZ6BKtEJWQMFGr9ZXliQygFRo87iMN1FqgEGbFNpJeaRX4Bv9D8BJ0qJ8zTTb8xQ9W7iSVH+GfiGDK2vbLCJuBFRyVGCTJE93XCQDKbDTXgsjpkue4DQoZEgz/gKuDNGAncdn/oISkkIYFASSsoVxW+o7j4dKd5qiwwmOkXH7Nns/Ey6jo6ChbmrmDglfKsPtcAACG9pfFHz+goDpZv+PNoki2sE8kRt68Oy85BMOowIoUXsNjDbgxTAPdxJQ+6oS+qomkm7uSgEk52tr8VQJeE5249ew5gYIFAeVpoMJSgtwpRVw76kRPN4ziwLlMTKnYprYEL9Qxs9PmBagSnt25agH31H8fi3aBTYriBqPtOgUsijSn1pdGLdE72EPOHFVmzE6EBRPvPzj79/PP2Fcnp/GhRVkHPwA+udN4R1grJAD9jpSjxHyEqed9WqSgElvqJaqTDL5y5wTGH1LvYukmzJDGUgEoUcbIkl2BaQkvWJEyKyNy71Tfoh4dA1xLywDG9FCIGN+Ww9mnFxjkyqXLU0XrIgJgcG7L04rDxxsl4uKD0j/VVtTcVUXzjxDay+ciixTfIRoJ6TgSjgF/kYcEI0mBVGZEDH1g1a4OmpqhTRiqGBwXV+0JEwb2KToJQ0C/EnBuJE7+UewFxTkGXhC9TB55kFXkB69KOkoWVieQ/mE3lRH01U7lkz8t0q19n7+p0YL8Tc2q79+DiOPvpBOvHrq22EwARAzKG+dMNVgRNN+Q+g9NYjtiDG+neePstXjYw9BBypwFITmAuYDVEAxNc0aFI9IIgX8q46QY3LO750EiJiYk6yhaAiYNB8bMoPVxNMn+lRqnUMedAxAr+4I05wek/EDkmGEm0rOd2KCRaduAYu2nDbymdZW1wuMKWYLVCOvYH0iqde5yH6hCs55PaZA/DwuguI4MswYr+Iwx7odXeeJOTSYBVJgKLEO4TtSniaeAJoBK6p0HMVj6AWFL4LRn/JWx1gYwgGrfQdbBz2dBmADXjlIAKiOGDHGwalfiUKLtCp0KWXIqhQHLpKvuSG3NQ0I/GA72S40URgxiEs+5EfdxG8lahybBhxt3U/L8RQHMaRdRpb+BtneYq7BfnadmzED+6K3pc3kqLTW1FKLuZzRR2oPv3REMLvNCTIiVjpA4XSstBkjsxS+aqApinSTEQNSvIvuGySGyhcqhhdlhMPbI1steFKCPMMuputmPBHE6BmmgwWe8hAvIyMSBsEiOyqzXkCCoREB3bLWEYeusXtAs8z1Bjyrg4NTKHp+Us4t4tD6iK7+xiTeCNFiCKEC3NfTAG6mQo4HkBTqk8rP3HA1Ylx6QeyLWdNJH+oK1bXQAWDFC9x3wIbpOdT94Wihx3Xs/ugSNFxb04h8o6TNuR+V4XywNwPozqEPxMJThw7FkAkaeAST7fF0UDtilnQ4LH6AiaonH2GtAAPzI0CBybOXsQxFtWyiFip8Hc5MQ8lxCegUvBZndrpxoq5ya3vThIct29FadX638+6ubIFZzcLO20GHKipDjCCvUZ29kDYOI7cHsCEzaMoYOXrOS4Dmqt5d0DpdB7AJOf8btfa9IBueG65irGvKjoOsozrncMWQg1E4OE2aA5kkkXzrK87QJcGbOyEBjpYc5vwG0p63JmTAPHUkcGqSgV6/Oq1q4hWJaOfpcoP806bArffwfsOT685xpdWgdVkV4e0CUCZAbZ00K53Q3ATc77QLzmPBphXvLYYtFdHWgxaBTlaAiJENvQgwo6GjAE45sKZ7Nvo625lWwi2SNd1HzlAAbRkdLOz4/gblG6nWXsX+Yj2hJ39TLiLAkcPacERx4zAknCvcZygIMIdjnUrsZ5yQ7Ax1kOFM9nbts+DuGtNNUiymFFsvT8dE02NupNDaNQ8Od5y3VwCXkIiNSu9prcDjpHJEDsy/BDZsaBhpaxpHLoTgNAoE+ZBVJ5VUZQYRKH+p07TtS5iOjuzqgDFdGbFDi+OhRA0D61doP6JD6JwJi0Mjggl5ivWjLdVxuqTRGFx7MpWrOcrqB2A3eM1Dj98gS5gHJNpPsTaizx1TaUVN+oM1knA9M5BhgHPFiBHfrriAByPHm5yrwKIoWwF2eMt4XVNhiY5F7uVNjJhIsH9ivEq+drHU5BFddfdnqEjsIsKLTFTGEUqFwTwE60W4TsFgz2m/OESml9X3Dc1Ei3E8ViGaQSgNIwudRmiMZsNJxBmKvK93NoKbzm8A7W0BgTcKo4eCxmsMQW6tbBcOJLvedNjhr11LaGWKox0ZaTv20Eo1k5cLHgf+nzc46s+rkIYUMzuMc6i1Dg2dqm4WYvBeAl9JYyy4b/uLbDOnNpeJ7qW9UHcEHZIyyeVmUHs511Z3S5Yp+dT5Z9rfOtRzn1gZFbxZIukPAi0mODmCU65XRIdnHipbIZY1O5ps4Jh4ANcNOSQ0iJISEXllTo1s6MFA0BW6GPx1v2u3bsIUJx7cY4jvigjjB2yNtD3OUVSAsfwLp39iiuzOvNtluqN79pXd7DIM5wb1vOF3u2d2usRE9PZAnm5QS+sOJuW4ijSySyGp/07BAWdLTinxm/G4G25ael+9Df2/3jGvVnUQrf4uhsbqb+FBFzvRSy6VdG+wJwIWwTRV3Sla67wfVOhxtMX1GDb8xtoMLFGT7U7zDNf2idXthp5fSOBvPworuTF3T2HBcmMN2Ux9oqsX9ynJWrJEKbruGC+yt12Ldbm2OQbATC9syD9srbQ3cu0aC5bhgp9CnthHB6djfmTmOfycYZTHxVQsXx1Ub9DA0T86KRe3dJEfB1TXI9ANwKKbU/a3m6z8kvCGxtibYOdbbPq1r/GRiPMQp+ux/f/9PW3rThm6hUdXfaMG3jJ3l+4nU2h3mAvKKKWCua8JdZvAI7Xpb89SlAcw5g5Ku/R+SiCus1aYoJvCIDCMhfowWsxoEfyeGg96Qf+IXDD2HQ/NpHiFdbTNcgAAjrQCwQex+F8gYrj/qjnYugxZsZfzCT2/27jjc74/MQzUt30R2JSQmTW2Eg9WDmJkxi9h83U2RsuB2nGZITxIifaSYJmyyGNs7t/nET+E8bPtgiovba4aqq9WTkuYt+bKgyzIrED7GmEHRd3PV9ul5Ih5DTeOwANpwOT3kLen8Qdu46lWPU/VqZVry+FIFIhy10c2HNOh5PaaCbqk2h60yA+5nwcpTIB4xuE09QB+3bS6AcSIkunPm6CxumR7xOTx6sLtS4JE1O96k0SPWcwvODC+hXFEhTg99fZcke3mdHDdGYD4tYPEdywF8YnxpeItb3njuG523NqVOh/wuH3pvP3uMt/qnvfholx3HA1ff64cGtx+AWx6vSRivZ9mgmA86PcTVY3kUAVp4+22uYnDhB9a8408xaVdkTKb7N3eYq6Ffx6aMODUYgDDGhBzQJgWTzrlLK6FUUDXYSsJEV+23Qq1mN/D1NNTCH7TNVxXvS1R3gE6ocZ+8Y0eoHZLpG4W6nzIYASaLnviO1YKeIxKfoFZPETleb3thv6ggmakPWfvl0gXyXQXh/0GvsMsdkPQXvWA+fJrwdbsoKPxohHTjQpGqqCGnVilg7dLHfOjRchaau0cAWLLEyhymDHioujwcpvEfUqg/wrqR3827fGrydEDnMeJbsIavc1VyHnoUuyjYP7ulxhM99sWUZUpA7XwBW+/WpRyzBVPrOpFfrWCUlysTSfV6s/c0futocnMFCpKdmQ1ynBU25rm5OoGiZ3U7O93RJqiaricDXUtbwniB53YzrqRbc9mY+amKxm7YJofuMyZrUve8ENGrfV1U+ukKifmaxwbAQQSqCnc+/lxv2I5ON0Yxb5fcdzipZXClgUfi7rrRzaNf37Z8YtE8w8MmDd3FwEB9Wv6RVwwRBqXyQK9NSaMlfZeUWrxBxHKfd92FFaeon92/9bfZtbdyfBrdZc63tYcpEI3fg0brtHsL0gBAMQ3DOUxIeWXNfqtuioCXoz4GTds6p+d8HMmxuNmEf3UszR/ztcrvxpj2pAmrBqKF58yVWxP3UOk41Mf6KT1UTq6UeecYtVVcxcaywVVfjrAGZwi+DETjgrvyyotTLzXT8Inv84xeDFZu81yMMo+PLFV0aqUWNS/Mcs5C5vghnrGJgQAmB+/pM3mHw75+/e//wPoBest"}
